Date,embedding,engle_granger,johansen
2023-01-03,0.0,0.0,0.0
2023-01-04,0.0,0.0,0.0
2023-01-05,0.0,0.0,0.0
2023-01-06,0.0,0.0,0.0
2023-01-09,0.0,0.0,0.0
2023-01-10,0.0,0.0,0.0
2023-01-11,0.0,0.0,0.0
2023-01-12,0.0,0.0,0.0
2023-01-13,0.0,0.0,0.0
2023-01-17,0.0,0.0,0.0
2023-01-18,0.0,0.0,0.0
2023-01-19,0.0,0.0,0.0
2023-01-20,0.0,0.0,0.0
2023-01-23,0.0,0.0,0.0
2023-01-24,0.0,0.0,0.0
2023-01-25,0.0,0.0,0.0
2023-01-26,0.0,0.0,0.0
2023-01-27,0.0,0.0,0.0
2023-01-30,0.0,0.0,0.0
2023-01-31,0.0,0.0,0.0
2023-02-01,0.0,0.0,0.0
2023-02-02,0.0,0.0,0.0
2023-02-03,0.0,0.0,0.0
2023-02-06,0.0,0.0,0.0
2023-02-07,0.0,0.0,0.0
2023-02-08,0.0,0.0,0.0
2023-02-09,0.0,0.0,0.0
2023-02-10,0.0,0.0,0.0
2023-02-13,0.0,0.0,0.0
2023-02-14,0.0,0.0,0.0
2023-02-15,0.0,0.0,0.0
2023-02-16,0.0,0.0,0.0
2023-02-17,0.0,0.0,0.0
2023-02-21,0.0,0.0,0.0
2023-02-22,0.0,0.0,0.0
2023-02-23,0.0,0.0,0.0
2023-02-24,0.0,0.0,0.0
2023-02-27,0.0,0.0,0.0
2023-02-28,0.0,0.0,0.0
2023-03-01,0.0,0.0,0.0
2023-03-02,0.0,0.0,0.0
2023-03-03,0.0,0.0,0.0
2023-03-06,0.0,0.0,0.0
2023-03-07,0.0,0.0,0.0
2023-03-08,0.0,0.0,0.0
2023-03-09,0.0,0.0,0.0
2023-03-10,0.0,0.0,0.0
2023-03-13,0.0,0.0,0.0
2023-03-14,0.0,0.0,0.0
2023-03-15,0.0,0.0,0.0
2023-03-16,0.0,0.0,0.0
2023-03-17,0.0,0.0,0.0
2023-03-20,0.0,0.0,0.0
2023-03-21,0.0,0.0,0.0
2023-03-22,0.0,0.0,0.0
2023-03-23,0.0,0.0,0.0
2023-03-24,0.0,0.0,0.0
2023-03-27,0.0,0.0,0.0
2023-03-28,0.0,0.0,0.0
2023-03-29,0.0,0.0,0.0
2023-03-30,0.0,0.0,0.0
2023-03-31,0.0,0.0,0.0
2023-04-03,0.0,0.0,0.0
2023-04-04,0.0,0.0,0.0
2023-04-05,0.0,0.0,0.0
2023-04-06,0.0,0.0,-0.004865128024176535
2023-04-10,0.0038680155016772577,0.0,0.0006550220559931041
2023-04-11,-0.002356314453416819,0.008460146478410624,0.006325049117911719
2023-04-12,-0.002835453150058753,-0.0030678289660049708,-0.008169643859548704
2023-04-13,0.004010166014555105,0.008520155327298218,0.002344003893222357
2023-04-14,-0.0024659750132925763,-0.0010674608518590034,0.00012735088803346174
2023-04-17,0.005776185794846978,-0.0014533784876848532,0.0027452149728782738
2023-04-18,0.0019178514088503019,-0.006045987140522002,-0.0002340210471838411
2023-04-19,0.004522507916873519,-0.004606936265963401,-0.000688335078633684
2023-04-20,0.0,-0.013569923107313375,-0.017053093956567445
2023-04-21,-0.0035042126498103345,0.004790512511717937,0.0011539714804666757
2023-04-24,-0.0016627855755106057,-0.006625006047896243,-0.011474720200691313
2023-04-25,0.0045412036904754595,0.005298979244500535,0.007682597551943826
2023-04-26,-0.013313163939458672,-0.022407724276641106,-0.03048711792999521
2023-04-27,-0.0008435577428611118,0.006542346530333765,-0.015057206564611203
2023-04-28,0.013102367986754949,0.006824441364514477,0.017303276990919936
2023-05-01,0.0034298633885902373,-0.013143884835669773,-0.00042569251218240736
2023-05-02,-0.0006402355647261437,0.003452930690206224,0.0010718387954639752
2023-05-03,0.0016677358541736576,0.0028381817924936657,0.008260012440523101
2023-05-04,0.0027173802047112837,0.0019156854461029882,0.006941907538585412
2023-05-05,0.007800242061805384,0.018145284013548625,0.033708757083125464
2023-05-08,0.002115238572715494,-0.00217625783148514,0.009523409197242616
2023-05-09,-0.0010792880186710541,-0.0023133877079585695,-0.012644465314637521
2023-05-10,-0.0028054285408752656,-0.013213143917584037,0.0010245074670549136
2023-05-11,0.003981846230484809,0.003528679490017361,0.01821372174030276
2023-05-12,-0.00637800157490398,-0.01010067656129634,-0.005050993451255703
2023-05-15,0.0031683219574445863,-0.007402092198315358,-0.010802842172082206
2023-05-16,-0.0061383159115615095,-0.008010549861224802,-0.004988117611481479
2023-05-17,0.008067963357807129,0.008069810855467808,0.010125061427276405
2023-05-18,0.0014870677544211563,-0.013617060617765242,-0.0013594007171657818
2023-05-19,0.0031870838074050446,0.013055151793195297,0.011784508227626157
2023-05-22,0.002444607433544843,0.012803392063697183,0.016455779707624085
2023-05-23,0.004091595831752737,0.0013027095612196948,-0.004602605587284025
2023-05-24,0.005472104137059186,3.165284569934812e-05,-0.010022037636214166
2023-05-25,-0.05086474644044616,-0.10332759704163252,-0.0027144886267798764
2023-05-26,0.013849117407614343,0.004968982919713971,0.001121348601140415
2023-05-30,0.006878902736682591,0.0038702703771336553,0.016738982516675806
2023-05-31,0.013216752523353636,0.04115854297927355,0.0009242653791090572
2023-06-01,-0.0031846369025883446,-0.02194096305929687,-0.0029986705314016594
2023-06-02,0.005674245151869139,0.014649748114041228,0.005438928316678826
2023-06-05,0.00019627620363220631,0.004581585494676399,0.0012147008352656919
2023-06-06,0.0013495478174615715,0.013904402835846107,0.0014287364033843454
2023-06-07,-0.0019576528129523485,0.016761652367056935,0.004151429240094928
2023-06-08,0.006779070996312519,-0.00297131876188661,-0.009191720884405452
2023-06-09,-0.003344119505481924,-0.0038330281558630387,-0.010244018271848176
2023-06-12,0.005629784566787466,-0.004016460451068316,-0.00787222718478171
2023-06-13,-0.013627343992889429,-0.02461139298874553,-0.015922604095227878
2023-06-14,-0.006940039546531551,-0.01871877243668385,-0.002696833309346869
2023-06-15,0.007354578692997826,0.0065864331322544436,-0.004181318829131619
2023-06-16,-0.009782988773822887,-0.008009386384328488,-0.010999317667293295
2023-06-20,-0.015627524683068383,-0.019831285405921585,-0.025946692391623706
2023-06-21,0.012496977307754564,0.009990802126466103,0.030877950453626492
2023-06-22,0.0177627391122005,0.0077657913241750975,-0.0005521521331473434
2023-06-23,0.004963663656460749,0.013086199792224518,0.01626340896067824
2023-06-26,0.014530932704589095,0.012475809488995515,0.03041948825491474
2023-06-27,-0.004367197886899832,-0.01686855510926537,-0.019412714363258955
2023-06-28,-0.0054724495543729155,0.009949275682336944,-0.009923705393810578
2023-06-29,-0.0038875815479479494,-0.0013488871984299155,-0.004047785964646655
2023-06-30,-0.0013781459430759924,-0.011182866205672016,-0.004064247453439451
2023-07-03,-0.013343671608909124,-0.01572892657485412,-0.04086124645138698
2023-07-05,0.0017319121685174022,0.004001658056405399,-0.003395656596708996
2023-07-06,-0.003237058219298472,0.0013421014042405365,-0.0006400905083577601
2023-07-07,0.006246521907007474,-0.005550493193994055,0.0062079167947900245
2023-07-10,-0.006073282856428053,-0.005762638836356549,0.004348660551741412
2023-07-11,0.008096677650376184,-0.0004591221735679163,0.005825514855886382
2023-07-12,-2.880560469429305e-05,-0.007842419177620652,0.0022820634860134968
2023-07-13,0.003871853787729096,-0.0035717613357489687,-0.0019137588692405894
2023-07-14,0.0013381423228640444,0.004898939147867987,-0.012421752890927085
2023-07-17,-0.017699401092920453,-0.014118459064812062,-0.021210397877920097
2023-07-18,-0.00010883329605058112,-0.014056250871618391,-0.009544713659531513
2023-07-19,0.01353019745120212,0.0007530336958823991,0.006655307329010762
2023-07-20,0.004185948190668154,0.021407511305688565,0.04932806830620169
2023-07-21,0.0044715382898612875,0.014351791556829797,0.008938573388203697
2023-07-24,-0.013749952837634537,-0.003812153831806553,-0.017051923594404328
2023-07-25,0.0013339224514267612,-0.0036163132866955604,0.01036410192088375
2023-07-26,-0.02042209454769415,0.026705719693079555,0.011022859517242689
2023-07-27,0.0005020779263289699,-0.0011780538790924443,0.017737352812982544
2023-07-28,-3.3853180457921185e-05,-0.0013434339427845997,-0.01499507180688513
2023-07-31,0.0021348416527878335,-0.00158916944844103,0.009008924212538027
2023-08-01,0.0017652015012503241,0.0033805282138688274,0.002141316604623933
2023-08-02,0.003948869879120731,0.009685116401477933,0.0011117067981155416
2023-08-03,-0.0036500778790534705,-0.006618248456507492,-0.0018600491123443642
2023-08-04,0.03776215087063495,0.0023553228600791563,0.03685210130660219
2023-08-07,-0.0049711770636154725,-0.0047096055249859605,0.008771847325222737
2023-08-08,0.001561815962006885,0.007496521779358822,0.002845305248836172
2023-08-09,0.011848383100679705,0.014457388904475833,0.00513292294860177
2023-08-10,-0.0009429214714285594,0.0005332580782377638,-0.0018721937396104504
2023-08-11,0.008016846049547176,0.007030893383353587,0.00445788924691839
2023-08-14,-0.008503154110056598,-0.01230811635839646,0.005503198264664189
2023-08-15,-0.00041325639899387757,-0.003094864109146167,0.0015462579503302543
2023-08-16,0.005045854759668966,-0.003177603083591629,0.0025415466575861912
2023-08-17,-0.00711597080645987,-0.0072609157276130485,0.004042037523298281
2023-08-18,0.008271556827824812,-0.002424444878469445,0.002268480741940504
2023-08-21,-0.02651826370364292,-0.017682980678062465,0.004609156342100662
2023-08-22,0.0062960123751592215,0.014295748097714523,0.0004837131983038478
2023-08-23,-0.0029912692558950126,-0.005145436233798373,0.003649625117163846
2023-08-24,-0.005295415003034698,-0.011391760793023887,-0.0039377047828716314
2023-08-25,0.0042065634082270485,0.01967309331609255,-0.0014189870884485424
2023-08-28,-0.0014993453318274507,-0.00513951875601415,-0.001861391802216672
2023-08-29,-0.017498939918571745,0.00309195551843775,0.0014679605709459142
2023-08-30,0.0037483347576845903,-0.0003190036600329682,-0.0021665655602195024
2023-08-31,-0.0013806893542274601,0.00041424706100885446,0.00046804746050588264
2023-09-01,0.008860861070538961,-0.0015795107657226915,-0.013239397351740822
2023-09-05,0.0029972495241709306,0.009302782220833583,0.011735273826163883
2023-09-06,-0.004733703013516633,0.0015296376068948624,-0.004013170937134203
2023-09-07,-0.01237919971285295,0.0007784244552532682,-0.0008874676907577817
2023-09-08,0.00362121270309681,0.002162825187460071,-0.009414583699435753
2023-09-11,0.004990191828858204,0.024096525885514454,0.02752262503096019
2023-09-12,-0.0019027675012651235,-0.003960661418671218,-0.0012893116785143155
2023-09-13,-0.011892859421086666,-0.009237578369274769,-0.004727445389777074
2023-09-14,0.0016590007964438324,0.002980523388146006,0.002518198583168463
2023-09-15,0.005336176884856903,0.010539997396791057,-0.002130296678508237
2023-09-18,0.00617037764758197,-0.0006520201082501398,0.004397963083138534
2023-09-19,0.006075971915912581,0.005916179674508903,0.003397242366534314
2023-09-20,0.0016336225116609705,0.004092663980270883,0.0034868336654050093
2023-09-21,0.010189856241417194,-0.0013175314925401472,0.0013006320121026205
2023-09-22,0.002560459487465705,-0.005605496965846402,0.0051231030518157136
2023-09-25,0.0003110569029937338,0.0015444484275923375,0.000991410424561634
2023-09-26,-0.0016101732149777614,0.0015506097690216381,0.002631374966207356
2023-09-27,-0.007908412823248967,-0.006030207088294293,0.0
2023-09-28,-0.00511851623745554,0.0002127462532985458,0.0061044521351773405
2023-09-29,0.006802742085845725,0.004094854822119132,0.006281106262046321
2023-10-02,-0.0034690001703560737,0.0008401527037382728,0.0044199315940452125
2023-10-03,-0.0036892319261875974,-0.0030558728726017836,-0.004376151314328047
2023-10-04,-0.003369625825398703,-0.0018355071303247429,0.01934521929119091
2023-10-05,0.00030460224587185446,0.003189570506475259,0.0
2023-10-06,-0.0013074641462288649,0.0010900823467004717,0.0
2023-10-09,-0.00028307936251916745,-0.003358256422797035,0.0
2023-10-10,0.0022722663200660078,0.002839426874308737,0.0
2023-10-11,-0.0020035467247869754,0.0007948010275210304,0.0
2023-10-12,0.006267418078135556,0.002842253456667643,0.0
2023-10-13,-0.0012633525275222324,0.0,0.0
2023-10-16,-0.0009593325486699333,0.0,0.0
2023-10-17,-0.005169398770553046,0.0,0.0
2023-10-18,-0.0015213384165784437,-0.0054100412112248145,0.0
2023-10-19,-0.0005852476086020353,-0.01844199614962283,-0.015975763973740963
2023-10-20,-0.0023137093179057323,-0.004526794809565793,-0.00866347381582242
2023-10-23,0.003620342105903429,0.005103951761041126,-0.002504629455525853
2023-10-24,0.000393569225752044,0.0013788103169181999,0.012041452851468959
2023-10-25,0.016786740698741354,0.021629283573499535,-0.0010787478903067527
2023-10-26,-4.0231357283215805e-05,0.0022983275335440425,-0.001780157558480533
2023-10-27,0.003142448016967192,0.002733498480638996,-0.01674646953541801
2023-10-30,-0.015910546254525613,-0.02828002675655781,-0.043508567979461475
2023-10-31,0.0029859669412082733,0.009604418576814332,0.011379496307921655
2023-11-01,0.0037760726838969917,-0.0027584785429655145,-0.002267326600669306
2023-11-02,0.01762546471961417,0.020605479519623816,0.03509777987097653
2023-11-03,-0.000441777096114504,-0.010370906216479958,-0.00023057885347137485
2023-11-06,-6.880565402669347e-05,-0.005544999383420101,0.0010794069671701712
2023-11-07,0.0019812129696822555,0.003957443897327728,0.004774570087317432
2023-11-08,-0.000330330327506001,-0.004452668822487116,0.0029704071229066376
2023-11-09,-0.0035962836661158847,-0.020175239289097858,-0.02229476935166832
2023-11-10,0.00252590913853461,-0.0035082923228929364,-0.0025676976967960565
2023-11-13,0.011030281605574422,0.014425726346647894,0.01687040096944723
2023-11-14,0.01277544691352155,0.01687179070952425,0.014557665434118138
2023-11-15,0.0021889809828382844,0.019968982889558375,0.019426069265231206
2023-11-16,-0.012673515109205936,-0.011351675947402074,-0.014775301024165199
2023-11-17,0.005319150159638286,0.0037666937406699353,-0.002119256126056146
2023-11-20,0.00018653294736248327,-0.011415808358629587,-0.005834515945315877
2023-11-21,0.001793875688513702,0.011968676809679479,0.01860397044939719
2023-11-22,-0.009532058955110955,0.010019255019465923,-0.02049109743478512
2023-11-24,0.004856946462327105,0.007457278585267213,0.0021173648134823696
2023-11-27,0.0011650063780702213,-0.004590861456447604,0.002671185767802031
2023-11-28,0.007340183459764171,0.012145169606011396,0.013489034318634907
2023-11-29,0.003269751230826379,-0.007051197561488709,0.002503434910215252
2023-11-30,0.004576049298487139,0.0049936592792816595,-0.0033206648465953447
2023-12-01,0.00464018199001901,0.0016710721507640525,0.0021489294132101657
2023-12-04,0.0007427608184550572,0.0050593502185288354,0.000493191857460884
2023-12-05,0.004365691577990693,-0.0015732747185199791,0.009719421401431071
2023-12-06,-0.00019915295306991432,0.008194690793170988,0.0028048616166274744
2023-12-07,-0.01286005670036352,0.008601248826360574,0.004336929745437246
2023-12-08,0.010276166822089473,0.0024234386316873023,-0.0050448559633371245
2023-12-11,-0.003045577285948897,-0.0011151196253719408,0.004187467587080285
2023-12-12,0.004376278473476036,0.0028340227777346795,-0.011983859600321667
2023-12-13,0.0069254412322368175,-0.0015295405282934383,-0.00030542477145774073
2023-12-14,0.01748008992596184,0.0009381177665816586,0.007273756657870334
2023-12-15,0.0005236959066622138,0.002778861274313771,-0.003340701206238883
2023-12-18,-0.0020659701446808175,0.006556470941290526,0.0016410588329022202
2023-12-19,-0.002576070756000903,-0.002961122446644615,-0.003520951732736366
2023-12-20,-0.013837627069838088,0.0,0.007587494695317365
2023-12-21,-0.006322153025337629,0.0,-0.0047948120915774165
2023-12-22,-0.005267018352295505,0.0,0.0038135380751830317
2023-12-26,-0.0006105890495007981,0.0,-0.003544418915429182
2023-12-27,0.0017288154906834664,0.0,-0.008020534618186748
2023-12-28,0.0006447299950218977,0.0,0.002953505009503621
2023-12-29,-0.000314672203878974,0.0,0.004957003522498416
2024-01-02,-0.0049810720583460585,0.0,0.006966798192430068
2024-01-03,-0.0025831406123000946,0.0,0.01184384052530374
2024-01-04,0.0011023592346609545,0.0,-0.0064886716729240625
2024-01-05,-0.0017294908016372013,-0.006081287769296728,-0.0034742718630715653
2024-01-08,-0.00048036443333674403,-0.0069605272738360036,-0.0039948230559492485
2024-01-09,-0.0063054723836805104,-0.013204551292300115,0.004774746374715
2024-01-10,-0.002823082696732815,-0.014089324611331588,-0.017252911426474914
2024-01-11,-0.0032959495113865866,-0.013497758656585845,-0.0010742974436465547
2024-01-12,-0.0031276837567190572,-0.01472389829990417,-0.0100700397975521
2024-01-16,-0.0029399846144295694,-0.022326278668305433,0.0021926629222279504
2024-01-17,-5.90296570483817e-05,-0.006088854730055049,-0.009084086900556287
2024-01-18,0.0005606977617546693,-0.007323833035911509,-0.010500315859982123
2024-01-19,-0.008243231772595916,-0.020686669832540173,-0.004885077976171148
2024-01-22,0.00201334131570996,-0.0020855007933875624,-0.0009440033650820245
2024-01-23,-0.0011847744944693428,-9.560725984245622e-05,-0.0029706046008495246
2024-01-24,-0.01022220353595491,-0.020655680581968074,-0.009580344165353739
2024-01-25,-0.031120260626873807,-0.052820903641836246,-0.049385511004331216
2024-01-26,-0.0040681577641935585,0.003923425782898282,-0.0032971945483376342
2024-01-29,-0.001043923390002366,-0.001635010335537501,0.013372114100459886
2024-01-30,-0.00040336072417159754,-0.008732062946136977,-0.003469445092007706
2024-01-31,0.021133116446243737,0.000587654343136701,-0.008359523800388513
2024-02-01,-0.003028377111804437,-0.009057254824147742,-0.0031058440941408973
2024-02-02,-0.028615044335110484,-0.03768462052023245,-0.10223923799407382
2024-02-05,-0.01755603028853181,-0.036700412530912385,0.0003223695961048767
2024-02-06,0.01122846567369662,0.02205414225669213,0.019844849834966816
2024-02-07,-0.003994376347357198,-0.015129188778950375,-0.008721944055183829
2024-02-08,0.0009372358949380155,0.005811503193288115,0.0026978435508539845
2024-02-09,-0.012589433443699383,-0.014992972937512583,0.01479253144529411
2024-02-12,-0.005690723395073705,-0.013282988790458684,-0.01912725611716737
2024-02-13,-0.0020787424571095726,-0.007946064821070142,0.0010341334770705758
2024-02-14,-0.005159704697966871,-0.00803018417825574,0.0006430623453929307
2024-02-15,0.023811487268450903,0.03576979296822367,0.020661798813946607
2024-02-16,0.001668450578791969,-0.0027684730341515527,0.004087479225712442
2024-02-20,0.0013998674703013414,0.012719217405185178,-0.01183144336187727
2024-02-21,0.002255008520454105,0.02116773536454044,0.003553475997037969
2024-02-22,-0.032311252060801675,-0.09319527801429053,-0.014570687556510675
2024-02-23,-0.010980813392982847,-0.016531382963788265,-0.01507027310390312
2024-02-26,0.020749850128834613,0.011772321173633893,0.015619297711438862
2024-02-27,0.0020891833023800157,0.006903400614620914,0.0019249393744027233
2024-02-28,0.010056936738144983,0.009771719540383828,0.004265091586343006
2024-02-29,-0.008932825092433937,-0.015892437692021533,-0.010658206221330579
2024-03-01,-0.007305476061730376,-0.025824765810244354,-0.015863196248887414
2024-03-04,-0.02061129024491002,-0.06006602823036171,-0.04646973475001528
2024-03-05,-0.01625816754316043,-0.02631240807534734,-0.016550136490944035
2024-03-06,-0.009851627679142693,-0.030464639349080926,-0.02298308748883484
2024-03-07,-0.011545238675211334,-0.02585752403300101,-0.009862424884215803
2024-03-08,0.008139521027720753,0.03139712651006876,-0.0014544549938398487
2024-03-11,0.008837495207199963,0.023136719428223596,0.035219779539814054
2024-03-12,-0.013892608287024854,-0.04766909632459852,-0.02040654200518004
2024-03-13,-0.012557438766065122,-0.016230501978275712,-0.027936565436453464
2024-03-14,-0.004463919101052705,0.002456003288845254,-0.025670032217498306
2024-03-15,0.006754292638963788,0.00662429374630249,0.016457371443190948
2024-03-18,-0.004402545516620071,0.022912031511331633,0.03501294075931836
2024-03-19,0.002541003767733918,-0.008630269700398952,-0.011123942994003988
2024-03-20,0.0033737638447495664,0.007666739197082872,0.008792878845025665
2024-03-21,-0.01691606562960608,-0.03181465821565972,-0.024009570212650443
2024-03-22,-0.0161141526336539,-0.020916522082526166,-0.0035001006870005735
2024-03-25,-0.00455020463539908,-0.0008996107646505269,0.008642221157656404
2024-03-26,0.007706586921779035,0.0249979524124204,0.026293762730809255
2024-03-27,0.013558463158726775,0.028432722235228015,0.009754064229657433
2024-03-28,-0.010059407955352895,-0.0135777173430083,-0.011289376154800546
2024-04-01,-0.014955368205754849,-0.006555951720074393,-0.0061219762137247665
2024-04-02,-0.01024734452821079,-0.014885795571512817,-0.03539556952376832
2024-04-03,0.0003672540879694708,0.009863015974845003,0.0020255116618106417
2024-04-04,0.01789239985586155,0.026381689890261927,0.010260542866231792
2024-04-05,-0.020581450261222378,-0.03106116591170318,-0.03934907482935872
2024-04-08,0.00534448188972263,0.02333681782400605,0.03279384598083705
2024-04-09,0.008988683743827885,0.023369632410158415,0.0135216022896389
2024-04-10,-0.01562585829981782,-0.02646212182627399,-0.02129741940438823
2024-04-11,0.0037456728783530568,-0.0029422821892510333,0.012423987993505059
2024-04-12,0.010215334113176145,0.014225874113182902,0.0020698361156000987
2024-04-15,-0.009862074092888617,-0.012342937849251579,-0.02562324958494715
2024-04-16,-0.014665599627977866,-0.02881126973890553,-0.01835616030356426
2024-04-17,0.004104506979111466,0.01703617223438012,-0.002083373835352975
2024-04-18,-0.01072673699689226,-0.01653541741436928,-0.01940239917040314
2024-04-19,0.02144035678439078,0.03245900627499336,-0.00033059113438496104
2024-04-22,-0.013561978532865938,-0.025055826757256837,-0.02469164486966584
2024-04-23,-0.0014878848268532253,-0.004453370659552025,-0.0002625085108809433
2024-04-24,0.03467600589705126,0.05561744162721847,0.07847724841668227
2024-04-25,0.02316409043457308,0.022305508796290074,0.059686420639056915
2024-04-26,-0.05135980288940789,-0.03724220695399825,-0.028409215123707067
2024-04-29,0.052537289957318475,0.06792366096106013,0.09424717799018859
2024-04-30,-0.0037083516991803568,-0.00704366647277761,-0.011556804354930273
2024-05-01,-0.013234280919937391,-0.004917074611389105,-0.013078631192469815
2024-05-02,0.0020753027919464097,-0.003346511437425592,-0.003346511437425592
2024-05-03,0.022438059305301294,0.000566826276544008,0.000566826276544008
2024-05-06,-0.001203888806010922,0.0029121432262944947,0.0029121432262944947
2024-05-07,-0.006672495417847113,-0.011271032143166848,-0.011271032143166848
2024-05-08,0.003935441998365263,-0.001291680069177592,-0.001291680069177592
2024-05-09,0.002228886649510109,-0.003832746524940833,-0.003832746524940833
2024-05-10,-0.0006958983513680073,-0.0025289231723386154,0.0018696846006460044
2024-05-13,0.0013961445735056976,0.003478976216213647,-0.004020823765337212
2024-05-14,-0.0010671928303692458,0.005304885608165222,0.00036026322740991825
2024-05-15,-0.0038067485363113994,-0.005871170583958163,0.0022462030375377307
2024-05-16,-0.006283509531783427,-0.0020735486716138896,-0.006502031361938232
2024-05-17,-0.0019866277346029192,0.00043618684443675894,-0.003118722289136855
2024-05-20,-0.004466070662158738,-0.0025965393653441192,-0.0010688206166195701
2024-05-21,-0.002952612889779971,0.01263510636433809,-0.0024789134358129683
2024-05-22,0.0032625034548045663,-0.0031053974396475946,0.005206578925007754
2024-05-23,0.001874740653698792,-0.0012880760681453385,0.004930270768269951
2024-05-24,-0.007646200028042704,0.0021941183099756676,0.0018445800059273764
2024-05-28,-0.014011303168552036,-0.035015661207805415,-0.0008366774822530676
2024-05-29,-0.0013086069797425548,-0.0044798199302544806,-0.002600447387862426
2024-05-30,0.003461079950089263,0.021745061683996324,-0.006581043586428104
2024-05-31,-0.006090112659540692,0.003341097110021085,-0.0013292663360203294
2024-06-03,-0.008887674068428298,-0.034168876662777126,0.001162742687640761
2024-06-04,-6.88017326144319e-05,-0.00971288783159605,-2.2012781689895178e-05
2024-06-05,-0.005596025162816476,-0.02659043501537437,0.007964840570075049
2024-06-06,0.010718563315313845,0.014026880786373286,-0.00037036147362008444
2024-06-07,-0.0015568570372460177,-0.0008042474927033805,-0.0005492237968307334
2024-06-10,0.009593873325305702,-0.010896416702846823,0.00900701696274393
2024-06-11,-0.012312753661283038,-0.0006204102060531014,-0.012183454556778805
2024-06-12,-0.015380368932787335,-0.0018753481881526924,-0.0026270881479774745
2024-06-13,-0.015554703472324061,-0.009211328032930588,0.00023303951529134447
2024-06-14,-0.0001569628025840153,-0.01308740738109726,0.0034429284636288138
2024-06-17,-0.003011490172321296,0.017819733757747945,-0.012812170360236607
2024-06-18,-0.006252202206850832,-0.027156431655761093,0.005534350717671032
2024-06-20,0.022597837340168403,0.018778025435585755,0.011393244572190885
2024-06-21,0.018852033365712083,0.026509502441413278,-0.005956787939116493
2024-06-24,0.0037513879957921104,0.03823964625713703,0.006971854572309444
2024-06-25,-0.012175001736873803,-0.028480281473526325,-0.004773711825893878
2024-06-26,0.007653504565705305,0.008527493773050999,-0.011871007058121408
2024-06-27,0.011284004839952932,0.01447863376911982,0.0001411700977595576
2024-06-28,-0.004678188214105083,-0.003478659406465567,-0.001826417361471222
2024-07-01,-0.0003199437426794738,0.01371587865742101,-0.014570780618257761
2024-07-02,-0.015012520757423898,0.013903014004933056,-0.06047112021445409
2024-07-03,-0.028100706903382157,-0.025538204536338947,-0.04142704944363962
2024-07-05,0.00397828549389021,0.02469606233386674,0.004494983121435481
2024-07-08,-0.011143753167539572,-0.015160448326895958,-0.011992008858340286
2024-07-09,-0.016722213229376524,-0.01786289106508865,-0.02780665392206714
2024-07-10,-0.0074526371446530515,-0.008544290138735278,0.0010204585187328697
2024-07-11,0.016996774077991206,0.016708035451562984,0.039760917682042284
2024-07-12,-0.01627638805756899,-0.010249237789386311,-0.02697295423128898
2024-07-15,-0.010894197498101587,0.007050376166598382,-0.013308494077027833
2024-07-16,-0.0047130331336621145,-0.001433711721568942,-0.012439711282543597
2024-07-17,0.013278182581931097,0.022578340218940517,0.007370847650472201
2024-07-18,-0.011624789147957748,-0.015181152679436916,0.014127043704963893
2024-07-19,0.01017208411850865,0.008774413222684085,0.0181029506608835
2024-07-22,-0.013267740361042214,-0.00702018166520082,-0.025523301072821657
2024-07-23,0.017291368107304316,0.0032649106379532443,0.01409119071511753
2024-07-24,0.024645869857821624,0.0056374445293019045,0.057056197951054675
2024-07-25,-0.006722124288204623,-0.009434643939813058,-0.013262478098148645
2024-07-26,0.010279448933149981,-0.0005965646044991058,0.018031242755497633
2024-07-29,-0.009404489009562722,0.01169036631336957,-0.037497183288594485
2024-07-30,0.0022626327478497245,0.02766885789558109,0.023064890656216464
2024-07-31,0.0029151611034096358,-0.030845545117490693,-0.019091497978926487
2024-08-01,0.01047054952929678,0.017636802181370825,0.04585300835352037
2024-08-02,-0.0469804901129983,-0.011683006872454738,-0.0025717053175906336
2024-08-05,0.003146119780697143,0.0038430695395732075,0.0029450220968829655
2024-08-06,0.005520219021487449,0.0049509915457887745,-0.005356934633361643
2024-08-07,0.0069648799910115855,-0.004768581816408335,0.009712975987982552
2024-08-08,-0.002868405886224945,-0.0006266498581576574,-0.00943291744387036
2024-08-09,-0.0025356867739324772,-0.0018161791463883413,-0.0020550972763220265
2024-08-12,-0.0003794031194441549,-0.003683403442109512,0.0005549970390480663
2024-08-13,-0.005010531827870058,-0.0010329509724513741,-0.00883335552844633
2024-08-14,0.004935345810261249,0.0054936224813912915,0.003080382027030537
2024-08-15,0.008334932500302771,-0.0068280753698870544,-0.007424806322838773
2024-08-16,-0.006007284564503568,-0.0029323894538026305,0.0009010084017682773
2024-08-19,-0.00913247451553123,-0.004098414850113507,0.0006545209065010882
2024-08-20,0.008361106307178368,0.007912018929240271,0.00477352179535111
2024-08-21,8.164002011146199e-05,-0.00732330971274493,-0.005593249196044448
2024-08-22,0.004699071134374644,0.011361447984159745,0.003212593038606393
2024-08-23,-0.018689406431450183,-0.015287295488872088,-0.0058988372730919055
2024-08-26,0.0035507552664094666,0.010373870753194025,0.006089396769612021
2024-08-27,-0.008621944875260756,-0.0032997227144782705,-0.0005452721336710375
2024-08-28,0.0010536562591285659,0.0028409122150323983,-0.0009162911779000638
2024-08-29,0.009431134565395039,0.007939741728774718,-0.0025274635574423555
2024-08-30,0.009507107167683238,-0.004029345702902032,0.003241015479211895
2024-09-03,0.012259312365066544,0.009339276464900315,-0.0011985784261910881
2024-09-04,-0.007494682818438569,-0.007496026229161967,-0.011759644713006634
2024-09-05,-0.007430254110582046,-0.010808829010039123,-0.006778606267483944
2024-09-06,0.0012072224937906828,0.000344234887099093,0.006091554466671245
2024-09-09,-0.011677105361004126,-0.009276840458235203,-0.0033942890144524674
2024-09-10,-0.0019907660563601936,-0.0036609275342353253,0.00041409358775987835
2024-09-11,-0.00935474753830956,0.004627958696410061,0.0063283990152893654
2024-09-12,0.007769448193129813,0.009542801604284001,0.0022784236145029445
2024-09-13,0.006987397088461101,0.008736043632699374,0.004914983542595719
2024-09-16,0.01012754857947049,0.008468384330949385,-0.0012069541533626272
2024-09-17,0.0006015216262996503,0.004265430868267095,0.0004542379398952523
2024-09-18,-0.0018861510793092284,0.0056594086575833865,7.254073481677281e-06
2024-09-19,-0.005271572555000281,-0.016824988952869102,-0.004947205475525962
2024-09-20,0.0023403205643166337,0.011399203605900122,0.0009837090179881437
2024-09-23,-0.005118261775958022,-0.014566383215528366,-0.0032174855914938183
2024-09-24,0.00021006588643510682,-0.00574461192453839,0.0009263824209104543
2024-09-25,0.0003824135928367278,-0.00629783487264568,-0.0027539252657588164
2024-09-26,0.0042341388752242136,0.007428992042889914,0.002456738627360866
2024-09-27,-0.002147622723849141,-0.0068194167283286864,-0.0065781528461065445
2024-09-30,-0.0008372335208337133,0.0028387403553659317,-0.0021163446751648607
2024-10-01,0.011337425705814485,0.008268739735474772,0.0014383390715885457
2024-10-02,0.005622811607455458,0.015761394026034315,0.006492869253704558
2024-10-03,0.006714320509933503,0.020159814854708857,0.00020577394587690813
2024-10-04,-0.002827384521125298,-0.006381470250317545,-0.005900172093411715
2024-10-07,0.0012746455999795181,0.0025131577953204642,0.00013550515474916036
2024-10-08,-0.006494955949547032,-0.005744792545485167,-0.001979573794441114
2024-10-09,0.007191216065098227,0.0007520310220788806,0.0032405559688206244
2024-10-10,-0.0005425669974005621,-0.004513640940055463,0.006024539105183302
2024-10-11,0.020135934365168827,0.01915639505526383,0.019225140959747988
2024-10-14,-0.006101563748230033,-0.007044279847662827,0.00043287345864755354
2024-10-15,0.008966996706315932,0.031533523124342475,0.0035777163292514125
2024-10-16,-0.009968362407817755,-0.020760800423885794,0.005771936874122407
2024-10-17,-0.00041219616103889135,-0.010461679271207957,-0.002143512753794896
2024-10-18,0.0008573845069885788,-0.002794462480322535,0.0007133265023847813
2024-10-21,-0.0062176990356854756,-0.022938566313001063,0.0008261128923469308
2024-10-22,0.005806893304738381,0.007278934270195658,0.0019004148856174962
2024-10-23,0.00295475618082901,0.009761871394859378,0.007434975134368771
2024-10-24,-0.043186718684382085,-0.0037405643830152437,-0.0009419031877080153
2024-10-25,-0.00513081946603462,-0.0020278902037959234,-0.005136486101135707
2024-10-28,0.006271870826336246,0.013074862229625839,0.002900428867941973
2024-10-29,0.006342364934213074,0.007533113421669424,-0.004766543729926531
2024-10-30,0.006482456509970791,0.015139767168563401,0.009135372318456025
2024-10-31,-0.0030518258892615613,0.013545707360959346,0.007750067073296596
2024-11-01,0.008202846239028583,-0.009492935476742969,0.010081580635666287
2024-11-04,0.001060047701184974,-0.0025828244702245763,0.008653055311368129
2024-11-05,-0.006002032873856278,-0.009460652438251848,-0.0036011722560276736
2024-11-06,-0.020802208785371333,-0.008972674808654579,0.003562494875638089
2024-11-07,-0.004056710763324034,-0.0009087155143579828,-0.009572192230522525
2024-11-08,-0.014313495916936692,-0.018785284609614882,-0.017424207827848058
2024-11-11,-0.023906834593994765,-0.03054777901936361,-0.01816953318358603
2024-11-12,0.00911309657685393,0.02322776075976085,0.013527882958721538
2024-11-13,0.007289766188246105,-0.004647315360164006,0.007412783125295697
2024-11-14,0.020865871729953755,0.01779109447155336,0.008576656184656462
2024-11-15,-0.007311918739375645,-0.015610332434530739,-0.008595889660864997
2024-11-18,-0.006182369557477485,-0.010695826059467239,-0.010574694429777255
2024-11-19,-0.0158607094122039,-0.011699760585639218,-0.007411120600487408
2024-11-20,0.0063819418600574275,0.0019383537253051086,0.005855853635666186
2024-11-21,0.007718356717098929,-0.017672858585281715,0.009127311581839503
2024-11-22,0.0020103138404139907,-0.014446804197735608,-0.005683762952864102
2024-11-25,0.01974862573053837,0.03383126624322217,0.007193995592155477
2024-11-26,0.0005535825654459758,0.00449013984778599,0.00025884937969675723
2024-11-27,0.005188330326950363,0.006575396490198004,0.002105625469180317
2024-11-29,-0.011827605866117951,-0.010774218008367175,-0.006570865337950549
2024-12-02,-0.001712411987560758,-0.010268910876957272,-0.010832143626193114
2024-12-03,0.0007143643430702173,0.008527941233376723,-0.0015625164189293494
2024-12-04,-0.008367736175014916,0.005673674423625918,-0.0024981647993202794
2024-12-05,-0.00812219619469894,-0.01266036718716208,0.0005399957787985299
2024-12-06,-0.010280764070928972,-0.021979565551360623,-0.011192041937865405
2024-12-09,0.004510944126115968,-0.007042724910560105,-0.0011459947990355435
2024-12-10,0.007185286709614225,-0.007738598457149415,-0.010990210104887566
2024-12-11,-0.006483734813296005,-0.007578246886115148,-0.009280574580978862
2024-12-12,0.006646476085566189,-0.0003142636132678067,0.004423481033503851
2024-12-13,-0.00707938848610794,-0.027500584992535448,-0.010670601562263182
2024-12-16,-0.012401054948364677,-0.03168272574876689,-0.019369938839524647
2024-12-17,-0.0018577966422994585,-0.024482917790683744,-0.009062284427301037
2024-12-18,0.022429854887972157,0.027364168617221775,0.008374011368645195
2024-12-19,0.007399265964601942,0.008866693102429223,0.000917172181431547
2024-12-20,0.017727290238994154,0.02459119608341025,0.002034168289064708
2024-12-23,0.0013278292576782702,0.011230843759284181,-0.008190533321838323
2024-12-24,-0.011643948932683968,-0.029782422727536683,-0.012922144805597257
2024-12-26,0.005316406667967866,0.003985365332901658,0.001278391781516275
2024-12-27,0.0075028652956729445,0.009107716689772083,0.009062246752001313
2024-12-30,0.0033368709338582824,0.017964387798255356,0.004641968268195429
